不足, ふそく, insufficiency - deficiency - shortage - lack - scarcity - deficit, jlpt-n3
不便, ふべん, inconvenience - inexpediency - unhandiness, jlpt-n4
不味い, まずい, bad (taste) - unpalatable - unsavoury - unsavory - awful - terrible - unpleasant, jlpt-n1
不安, ふあん, anxiety - uneasiness - worry - apprehension - fear - insecurity - suspense, jlpt-n3
世話, せわ, care - looking after - help - assistance - aid, jlpt-n3
世代, せだい, generation - the world - the age, jlpt-n1
世界, せかい, the world - society - the universe, jlpt-n4
主食, しゅしょく, staple food, jlpt-n1
主人, しゅじん, head (of a household) - proprietor (of a store) - proprietress - landlord - landlady, jlpt-n0
乗車, じょうしゃ, boarding (a train  bus  etc.) - getting into (e.g. a taxi), jlpt-n2
乗せる, のせる, to place on (something), jlpt-n3
乗る, のる, to get on (train  plane  bus  ship  etc.) - to get in - to board - to take - to embark, jlpt-n5
乗り物, のりもの, vehicle - conveyance - transport, jlpt-n4
京都外国語大学, きょうとがいこくごだいがく, Kyoto University of Foreign Studies, jlpt-n0
京都, きょうと, Kyoto (city  prefecture), jlpt-n0
仕方, しかた, way - method - means - resource - course, jlpt-n4
試合, しあい, match - game - bout - contest, jlpt-n4
仕事, しごと, work - job - labor - labour - business - task - assignment - occupation - employment, jlpt-n5
代金, だいきん, price - cost - charge - payment - bill - fee, jlpt-n3
代わり, かわり, substitute - replacement - substituting - replacing, jlpt-n4
代理, だいり, representation - agency - proxy, jlpt-n3
以て, もって, with - by - by means of, jlpt-n1
以後, いご, after this - from now on - hereafter, jlpt-n2
以来, いらい, since - henceforth, jlpt-n3
以前, いぜん, before - prior to - ago, jlpt-n3
以外, いがい, excluding - except (for) - apart from - other than - besides - in addition to, jlpt-n4
以下, いか, not exceeding ... - not more than ... - ... and under - ... and below - ... or fewer, jlpt-n4
以上, いじょう, not less than ... - ... and over - ... and above - ... and upwards - ... or more, jlpt-n4
低い, ひくい, low (rank  degree  value  content  quality  etc.), jlpt-n5
住人, じゅうにん, dweller - inhabitant - resident, jlpt-n0
住民, じゅうみん, inhabitant - resident - citizen - population, jlpt-n3
住む, すむ, to live (of humans) - to reside - to inhabit - to dwell - to abide, jlpt-n5
住所, じゅうしょ, address - residence - domicile, jlpt-n4
体力, たいりょく, stamina - endurance - physical strength - resilience - resistance to disease, jlpt-n1
作物, さくもつ, crop - crops - (agricultural) produce - farm products, jlpt-n3
作る, つくる, to make - to produce - to manufacture - to build - to construct, jlpt-n2
作業, さぎょう, work - operation - task, jlpt-n3
作品, さくひん, work (e.g. book  film  composition  etc.) - opus - performance - production, jlpt-n3
作家, さっか, author - writer - novelist - artist, jlpt-n3
作文, さくぶん, writing (an essay  prose  etc.) - composition, jlpt-n5
使い方, つかいかた, way of using (something) - way to use - how to use - usage - use, jlpt-n0
使用人, しようにん, employee - servant, jlpt-n1
使い道, つかいみち, purpose - utility - objective, jlpt-n1
使い, つかい, errand - mission - going on an errand, jlpt-n1
使用, しよう, use - application - employment - utilization - utilisation, jlpt-n3
使う, つかう, to use (a tool  method  etc.) - to make use of - to put to use, jlpt-n5
借り物, かりもの, borrowed thing, jlpt-n0
借し出す, かりだす, to borrow - to take out, jlpt-n0
借り入れる, かりいれる, to borrow - to rent - to lease - to charter,銀行からローンを借り入れたいと思います。 jlpt-n0
借地, しゃくち, leased land,ここはJRの借地です。 jlpt-n0
借用書, しゃくようしょ, promissory note - written acknowledgment of debt - IOU,借用書で借り方と借り手の名前が書いてあります。 jlpt-n0
借り方, かりかた, debtor - debit, jlpt-n0
借り手, かりて, borrower - debtor - tenant, jlpt-n0
借家人, しゃくやにん, tenant - renter, jlpt-n0
借用, しゃくよう, borrowing - loan, jlpt-n0
借家, しゃくや, rented house - house for rent, jlpt-n0
借入金, かりいれきん, loan - loan payable - debt, jlpt-n0
借り, かり, borrowing - debt - loan, jlpt-n1
借金, しゃっきん, debt - loan - liabilities - borrowing money, jlpt-n3
借りる, かりる, to borrow - to have a loan, jlpt-n5
働き人, はたらきびと, worker - good worker, jlpt-n0
働き方, はたらきかた, work style - way of working, jlpt-n0
働きがい, はたらきがい, job satisfaction - quality of work life - reason to work, jlpt-n0
働かざる者食うべからず, はたらかざるものくうべからず, if man will not work  he shall not eat - no work  no play, jlpt-n0
働き出す, はたらきだす, to start working - to take action, jlpt-n0
働きすぎ, はたらきすぎ, overactivity - overwork, jlpt-n0
働きすぎる, はたらきすぎる, to overwork, jlpt-n0
働き手, はたらきて, worker - breadwinner - supporter, jlpt-n0
働き口, はたらきぐち, position - job - employment - opening, jlpt-n0
働き者, はたらきもの, hard worker - hardworking person, jlpt-n0
働かす, はたらかす, to put someone to work - to make someone work, jlpt-n0
働きかける, はたらきかける, to work on (someone) - to appeal to - to make approaches to - to pressure - to exert influence on - to seek action from, jlpt-n0
働かせる, はたらかせる, to put someone to work - to make someone work, jlpt-n0
働き, はたらき, work - labor - labour, jlpt-n3
働く, はたらく, to work - to labor - to labour, jlpt-n5
元日, がんじつ, New Year's Day, jlpt-n0
元来, がんらい, originally - essentially - naturally - by nature - really - actually, jlpt-n1
元気, げんき, lively - full of spirit - energetic - vigorous - vital - spirited, jlpt-n5
兄姉, けいし, brother and sister, jlpt-n0
兄弟子, あにでし, senior pupil (of the same master) - senior disciple - senior student - senior member, jlpt-n0
兄さん, にいさん, older brother - elder brother, jlpt-n0
兄ちゃん, にいちゃん, (one's) older brother, jlpt-n0
兄弟, きょうだい, siblings - brothers and sisters, jlpt-n5
光年, こうねん, light-year, jlpt-n0
光学, こうがく, optics, jlpt-n0
光る, ひかる, to shine - to glitter - to be bright, jlpt-n4
写真集, しゃしんしゅう, photo book (esp. one featuring photos of female celebrities  models) - photobook, jlpt-n0
写真画, しゃしんが, digitally altered photograph (e.g. made to look like an oil painting), jlpt-n0
写生, しゃせい, sketching - drawing from nature - portrayal - description, jlpt-n2
写り, うつり, projection - reflection - image - reception (e.g. TV) - picture quality, jlpt-n0
写真屋, しゃしんや, photo studio - photographer, jlpt-n0
写真家, しゃしんか, photographer, jlpt-n0
写し, うつし, copy - duplicate - facsimile - transcript, jlpt-n1
写る, うつる, to be photographed - to be projected, jlpt-n2
写す, うつす, to copy - to duplicate - to reproduce - to trace - to transcribe, jlpt-n4
写真, しゃしん, photograph - photo - picture - snapshot - snap, jlpt-n5
冬作, ふゆさく, winter crop, jlpt-n0
冬物, ふゆもの, winter clothing - winter wear, jlpt-n0
冬山, ふゆやま, wintry mountain, jlpt-n0
冬場, ふゆば, wintertime - winter season, jlpt-n0
冬休み, ふゆやすみ, winter vacation - winter holidays, jlpt-n0
切れ目, きれめ, gap - break - rift, jlpt-n1
切れ, きれ, piece - slice - strip - scrap, jlpt-n3
切れる, きれる, to break - to snap - to be cut - to split - to crack, jlpt-n3
切る, きる, to cut - to cut through - to perform (surgery), jlpt-n5
切手, きって, stamp (postage) - merchandise certificate, jlpt-n5
切り, きり, end - finish - place to stop, jlpt-n1
別人, べつじん, different person - another person - someone else - changed man, jlpt-n0
別れ, わかれ, parting - separation - farewell, jlpt-n3
別に, べつに, (not) particularly - (not) especially - (not) specially, jlpt-n3
分ける, わける, to divide (into) - to split (into) - to part - to separate - to divide up - to classify - to sort out - to divide out, jlpt-n3
別れる, わかれる, to part (usu. of people) - to part from - to part with - to be apart from, jlpt-n4
力説, りきせつ, emphasizing (a point  argument  etc.) - stressing - insistence - arguing strongly (for  against), jlpt-n0
力学, りきがく, mechanics - dynamics, jlpt-n0
力強い, ちからづよい, powerful - strong - forceful - vigorous, jlpt-n2
勉強になる, べんきょうになる, to gain knowledge - to be illuminated, jlpt-n0
勉強会, べんきょうかい, study group - study meeting, jlpt-n0
勉強代, べんきょうだい, cost of a lesson learned (e.g. from failing at something) - price of a life lesson, jlpt-n0
勉強時間, べんきょうじかん, one's study hours (time), jlpt-n0
勉強不足, べんきょうぶそく, insufficient study, jlpt-n0
勉強家, べんきょうか, diligent student - studious person, jlpt-n0
勉強中, べんきょうちゅう, while studying - presently studying, jlpt-n0
勉学, べんがく, study - pursuit of knowledge, jlpt-n0
勉強, べんきょう, study, jlpt-n3
動き, うごき, movement - move - motion, jlpt-n1
動作, どうさ, movement (of the body) - action - motion - gesture, jlpt-n2
動く, うごく, to move - to stir - to shift - to shake - to swing, jlpt-n4
動力, どうりょく, power - motive power, jlpt-n1
動物, どうぶつ, animal, jlpt-n5
区民, くみん, ward residents, jlpt-n0
区間, くかん, section (of track  etc.) - segment - dimension, jlpt-n1
区画, くかく, division - section - compartment - block - plot - lot - partition - boundary, jlpt-n1
区切る, くぎる, to divide - to separate - to partition - to demarcate - to delimit - to mark off, jlpt-n2
区分, くぶん, division - section - demarcation - partition - segmentation - compartment - (traffic) lane, jlpt-n2
区別, くべつ, distinction - differentiation - discrimination - difference, jlpt-n3
医大, いだい, medical school, jlpt-n0
医院, いいん, doctor's office - doctor's surgery - clinic, jlpt-n0
医薬品, いやくひん, medical and pharmaceutical products - medicinal supplies - drugs - pharmaceuticals - medicine, jlpt-n0
医者, いしゃ, doctor - physician, jlpt-n5
医学, いがく, medical science - medicine, jlpt-n4
去校, きょこう, leaving school (due to transfer), jlpt-n0
去来, きょらい, coming and going - recurring (esp. thoughts), jlpt-n0
去る, さる, to leave - to go away, jlpt-n3
去年, きょねん, last year, jlpt-n5
台本, だいほん, script - libretto - scenario, jlpt-n1
台風, たいふう, typhoon - hurricane, jlpt-n4
台所, だいどころ, kitchen, jlpt-n5
合計, ごうけい, sum total - total amount, jlpt-n3
合わせる, あわせる, to match (rhythm  speed  etc.), jlpt-n3
合う, あう, to come together - to merge - to unite - to meet, jlpt-n4
合同, ごうどう, combination - union - joining - incorporation - amalgamation - merger - fusion, jlpt-n2
合図, あいず, sign - signal - cue, jlpt-n3
合い, あい, between-season wear - spring and autumn clothing - spring and fall clothing, jlpt-n0
同意, どうい, agreement - consent - approval - assent, jlpt-n1
同時, どうじ, simultaneous - concurrent - same time - synchronous - together, jlpt-n3
同じ, おなじ, same - identical - equal - alike - equivalent, jlpt-n5
味わい, あじわい, flavour - flavor - taste, jlpt-n1
味わう, あじわう, to taste - to savor - to savour - to relish, jlpt-n2
味方, みかた, friend - ally - supporter, jlpt-n3
品切れ, しなぎれ, out of stock - sold out, jlpt-n0
品質, ひんしつ, quality (of a product or a service), jlpt-n1
品物, しなもの, goods - article - thing, jlpt-n4
員名, いんめい, member name, jlpt-n0
員外, いんがい, non-membership, jlpt-n0
問題ない, もんだいない, no problem - all right - not an issue - unobjectionable, jlpt-n0
問屋, とんや, wholesale store - wholesale dealer - wholesaler, jlpt-n1
問い合わせる, といあわせる, to enquire - to inquire - to seek information, jlpt-n1
問う, とう, to ask - to inquire, jlpt-n1
問い合わせ, といあわせ, inquiry - query - enquiry, jlpt-n2
問題, もんだい, question (e.g. on a test) - problem, jlpt-n5
問い, とい, question - query, jlpt-n3
回答, かいとう, reply - answer, jlpt-n2
回り, まわり, rotation, jlpt-n3
回す, まわす, to turn - to rotate - to spin - to twist - to gyrate, jlpt-n3
回る, まわる, to turn - to rotate - to revolve - to spin, jlpt-n4
回り道, まわりみち, detour - circuitous route - diversion, jlpt-n2
回転, かいてん, rotation - revolution - turn - spin, jlpt-n2
図る, はかる, to plan - to attempt - to devise, jlpt-n1
図書, としょ, books, jlpt-n3
図書館, としょかん, library, jlpt-n5
地下, ちか, underground - below the ground, jlpt-n3
地図, ちず, map - atlas - chart - plan, jlpt-n5
堂上, どうじょう, on the roof - court nobles, jlpt-n0
場外, じょうがい, outside the hall (or stadium  market  etc.) - off the grounds - off the premises - off-track, jlpt-n0
場合, ばあい, case - occasion - situation - circumstances, jlpt-n4
場所, ばしょ, place - location - spot - position, jlpt-n4
声楽家, せいがくか, vocalist, jlpt-n0
声高, こわだか, loud (of a voice), jlpt-n0
声楽, せいがく, vocal music, jlpt-n0
声明, せいめい, declaration - statement - proclamation, jlpt-n1
売り手市場, うりてしじょう, seller's market, jlpt-n0
売名, ばいめい, self-advertisement, jlpt-n0
売り子, うりこ, salesperson - shop assistant - hawker - peddler - vendor, jlpt-n0
売り手, うりて, seller - vendor, jlpt-n0
売り, うり, sale - selling, jlpt-n0
売り物, うりもの, article for sale - goods for sale - offering - For Sale (on a sign), jlpt-n0
売り出す, うりだす, to put on the market - to put out for sale - to put on sale - to begin selling - to market, jlpt-n1
売り出し, うりだし, (bargain) sale, jlpt-n1
売り切れ, うりきれ, sold-out, jlpt-n2
売店, ばいてん, stand - stall - booth - kiosk - store, jlpt-n2
売れ行き, うれゆき, sales - demand, jlpt-n2
売り上げ, うりあげ, amount sold - sales - proceeds - takings - turnover, jlpt-n2
売れる, うれる, to sell (well), jlpt-n3
売り場, うりば, selling area - counter - section - department - sales floor, jlpt-n4
売買, ばいばい, trade - buying and selling - trafficking (e.g. of humans  arms  drugs) - dealing, jlpt-n2
売る, うる, to sell, jlpt-n5
夏服, なつふく, summer clothes - summer wear - summer uniform, jlpt-n0
夏物, なつもの, summer clothing - summer wear, jlpt-n0
夏バテ, なつばて, suffering from summer heat - summer heat fatigue, jlpt-n0
夏場, なつば, summertime - summer season, jlpt-n0
夏休み, なつやすみ, summer vacation - summer holiday, jlpt-n5
夕立, ゆうだち, (sudden  heavy) shower (on a summer afternoon or evening) - evening shower, jlpt-n2
夕日, ゆうひ, evening sun - setting sun, jlpt-n2
夕飯, ゆうはん, evening meal - dinner - supper, jlpt-n5
夕方, ゆうがた, early evening (usu. from 3pm to 6pm) - dusk, jlpt-n5
夕べ, ゆうべ, evening, jlpt-n3
夜食, やしょく,  supper - night meal - late-night snack - ""fourth meal"" - midnight snack", jlpt-n0
夜間, やかん, night - nighttime, jlpt-n2
夜明け, よあけ, dawn - daybreak, jlpt-n3
夜中, よなか, middle of the night - dead of night, jlpt-n3
太古, たいこ, ancient times - prehistoric times, jlpt-n0
大西洋, たいせいよう, Atlantic Ocean, jlpt-n0
太る, ふとる, to put on weight - to gain weight - to grow fat - to get stout, jlpt-n4
太い, ふとい, fat - thick, jlpt-n5
好き好き, すきずき, matter of taste, jlpt-n2
好み, このみ, liking - taste - fancy - fondness, jlpt-n3
好む, このむ, to like - to prefer, jlpt-n3
好き, すき, liking - being fond of - to one's liking - to one's taste - preferred - favourite, jlpt-n5
妹分, いもうとぶん, protegee - someone who one considers as a younger sister, jlpt-n0
妹さん, いもうとさん, younger sister, jlpt-n0
姉者, あねじゃ, elder sister, jlpt-n0
姉ちゃん, ねえちゃん, (one's) older sister - (one's) elder sister, jlpt-n0
姉妹校, しまいこう, sister school (to), jlpt-n0
姉妹都市, しまいとし, sister city - twin town, jlpt-n0
姉さん, ねえさん, older sister - elder sister, jlpt-n0
姉妹, しまい, sisters, jlpt-n3
始新世, ししんせい, Eocene epoch, jlpt-n0
始発駅, しはつえき, starting station, jlpt-n0
始まらない, はじまらない, It's no use, jlpt-n0
始動, しどう, starting (a machine  engine  etc.), jlpt-n0
始業, しぎょう, start of work - commencement - opening, jlpt-n0
始発, しはつ, first departure (of the day) - first train - first bus, jlpt-n1
始終, しじゅう, continuously - from beginning to end - from first to last, jlpt-n2
始まり, はじまり, origin - beginning - start, jlpt-n3
始める, はじめる, to start - to begin - to commence - to initiate - to originate, jlpt-n4
始まる, はじまる, to begin - to start - to commence, jlpt-n5
始め, はじめ, beginning - start - outset - opening, jlpt-n1
字書, じしょ, dictionary of Chinese characters - kanji dictionary, jlpt-n0
字体, じたい, form of a character (e.g. simplified  traditional), jlpt-n1
字引, じびき, dictionary, jlpt-n5
室長, しつちょう, section chief - laboratory manager - office head - room monitor, jlpt-n0
室料, しつりょう, room rent - room rate (hotel  etc.), jlpt-n0
家族, かぞく, family, jlpt-n5
ん家, んち, 's house - 's home, jlpt-n0
寒がり, さむがり, being sensitive to the cold - person who is sensitive to the cold, jlpt-n0
寒風, かんぷう, cold wind, jlpt-n0
寒さ, さむさ, coldness, jlpt-n0
寒気, さむけ, chill - the shivers - shivering fit, jlpt-n1
寒い, さむい, cold (e.g. weather), jlpt-n5
屋外, おくがい, outdoors - outside, jlpt-n2
屋上, おくじょう, rooftop, jlpt-n4
工作, こうさく, handicraft, jlpt-n1
工事, こうじ, construction work, jlpt-n2
工学, こうがく, engineering, jlpt-n1
工業, こうぎょう, (manufacturing) industry, jlpt-n4
工場, こうじょう, factory - plant - mill - workshop, jlpt-n4
市長, しちょう, mayor, jlpt-n0
市場, しじょう, market (financial  stock  domestic  etc.) - marketplace - exchange, jlpt-n0
市場, いちば, (town) market - (street) market - marketplace, jlpt-n3
市民, しみん, citizen - citizenry - public, jlpt-n4
帰する, きする, to come to (in the end) - to end in, jlpt-n0
帰りがけ, かえりがけ, on the way back, jlpt-n0
帰って来る, かえってくる, to return - to come back, jlpt-n0
帰京, ききょう, returning (home) to Tokyo - returning to the capital, jlpt-n1
帰国子女, きこくしじょ, child who has returned to Japan after living abroad - returnee child - (Japanese) person who lived abroad during (part of) their childhood, jlpt-n0
帰り道, かえりみち, the way back - the way home - return trip, jlpt-n0
帰国, きこく, return to one's country, jlpt-n0
帰す, かえす, to send (someone) back - to send (someone) home, jlpt-n2
帰り, かえり, return - coming back, jlpt-n4
帰る, かえる, to return - to come home - to go home - to go back, jlpt-n5
広広とした, ひろびろとした, open - spacious - extensive, jlpt-n0
広間, ひろま, hall - saloon - spacious room - reception room, jlpt-n0
広がり, ひろがり, spread - span - expanse - extent, jlpt-n0
広大, こうだい, vast - extensive - immense - huge - large - grand - magnificent, jlpt-n0
広まる, ひろまる, to spread - to be propagated, jlpt-n1
広める, ひろめる, to spread - to propagate - to popularize - to disseminate, jlpt-n2
広さ, ひろさ, area - extent - dimensions - size, jlpt-n2
広げる, ひろげる, to spread - to extend - to expand - to enlarge - to widen - to broaden, jlpt-n2
広がる, ひろがる, to spread (out) - to extend - to stretch - to reach to - to get around - to fill (e.g. a space), jlpt-n3
広場, ひろば, public square - square - plaza - piazza - forum, jlpt-n2
広い, ひろい, spacious - vast - wide, jlpt-n5
建前, たてまえ, face - official stance - public position or attitude (as opposed to private thoughts), jlpt-n1
建つ, たつ, to be erected - to be built, jlpt-n2
建てる, たてる, to build - to construct, jlpt-n4
建物, たてもの, building, jlpt-n5
引き出す, ひきだす, to pull out - to take out - to draw out, jlpt-n4
引き出し, ひきだし, drawer, jlpt-n4
引く, ひく, to pull - to tug - to lead (e.g. a horse), jlpt-n5
引用, いんよう, quotation - citation - reference, jlpt-n3
引き, びき, -off (price reduction) - discount, jlpt-n0
弟さん, おとうとさん, younger brother, jlpt-n0
弟妹, ていまい, younger brother and sister, jlpt-n0
弱気, よわき, timid - weak-kneed - fainthearted, jlpt-n0
弱者, じゃくしゃ, weak person - the weak - vulnerable person - disadvantaged person, jlpt-n0
弱る, よわる, to weaken - to grow weak - to wane - to decline (of one's health), jlpt-n1
弱い, よわい, weak - frail - delicate - tender - unskilled - weak (wine), jlpt-n5
強気, つよき, confident - assured - self-assured - firm - strong - cocksure, jlpt-n2
強引, ごういん, overbearing - coercive - pushy - forcible - high-handed, jlpt-n2
強力, きょうりょく, powerful - strong, jlpt-n3
強い, つよい, strong - potent - competent - domineering - tough, jlpt-n5
待ち合わせ場所, まちあわせばしょ, meeting place, jlpt-n0
待ち, まち, waiting - waiting time, jlpt-n0
待たせる, またせる, to keep (a person) waiting, jlpt-n0
待合室, まちあいしつ, waiting room, jlpt-n2
待つ, まつ, to wait, jlpt-n5
心地, ここち, feeling - sensation - mood, jlpt-n1
心理, しんり, state of mind - mentality - psychology, jlpt-n3
思い, おもい, thought, jlpt-n0
思い出, おもいで, memories - recollections - reminiscence, jlpt-n3
思い出す, おもいだす, to recall - to remember - to recollect, jlpt-n4
思う, おもう, to think - to consider - to believe - to reckon, jlpt-n4
急死, きゅうし, sudden death, jlpt-n0
急かす, せかす, to hurry (up) - to urge on - to press - to rush, jlpt-n1
急に, きゅうに, swiftly - rapidly - quickly - immediately - hastily - hurriedly, jlpt-n3
急行, きゅうこう, hurrying (to somewhere) - rushing - hastening, jlpt-n4
急ぐ, いそぐ, to hurry - to rush - to hasten - to make something happen sooner, jlpt-n4
悪者, わるもの, bad guy - villain - evildoer - scoundrel, jlpt-n1
悪い, わるい, bad - poor - undesirable, jlpt-n5
意地悪, いじわる, malicious - ill-tempered - unkind - mean - nasty, jlpt-n2
意外, いがい, unexpected - surprising, jlpt-n3
意思, いし, intention - wish - purpose - mind (to do), jlpt-n3
意見, いけん, opinion - view - comment, jlpt-n4
思う, おもう, to think - to consider - to believe - to reckon, jlpt-n4
意味, いみ, meaning - significance - sense, jlpt-n5
持てる, もてる, to be able to possess (hold  get  etc.), jlpt-n1
持ち, もち, having - holding - possessing - owning - using - holder - owner - user, jlpt-n1
持ち上げる, もちあげる, to elevate - to raise - to lift up, jlpt-n3
持つ, もつ, to hold (in one's hand) - to take - to carry, jlpt-n5
教区, きょうく, parish, jlpt-n0
教え, おしえ, teaching - instruction - teachings - precept - lesson - doctrine, jlpt-n1
教わる, おそわる, to be taught - to learn - to take lessons in, jlpt-n2
教員, きょういん, teacher - instructor - teaching staff - faculty member, jlpt-n1
教える, おしえる, to teach - to instruct, jlpt-n5
教会, きょうかい, church - congregation, jlpt-n4
教室, きょうしつ, classroom - lecture room, jlpt-n5
文明, ぶんめい, civilization - civilisation - culture, jlpt-n3
文字, もじ, letter (of alphabet) - character, jlpt-n3
文学, ぶんがく, literature, jlpt-n4
料理書, りょうりしょ, cookbook, jlpt-n0
料理長, りょうりちょう, head chef - master chef, jlpt-n0
料理店, りょうりてん, restaurant, jlpt-n0
料理人, りょうりにん, cook - chef, jlpt-n0
料金, りょうきん, fee - charge - fare, jlpt-n3
料理, りょうり, cooking - cookery - cuisine - meal - food - dish - item on a menu, jlpt-n5
方言, ほうげん, dialect - provincialism, jlpt-n2
旅先, たびさき, destination - place one stays during a trip, jlpt-n0
旅立つ, たびだつ, to begin a trip - to depart - to embark, jlpt-n0
旅館, りょかん, ryokan - traditional Japanese inn, jlpt-n4
旅行, りょこう, travel - trip - journey - excursion - tour, jlpt-n5
族長, ぞくちょう, patriarch - head of a family, jlpt-n0
親族, うから, blood relative, jlpt-n0
早朝, そうちょう, early morning, jlpt-n0
早急, そうきゅう, immediate - prompt - quick - rapid - urgent - pressing, jlpt-n1
早める, はやめる, to bring forward (e.g. by 3 hours) - to advance - to hasten (e.g. one's death) - to expedite - to precipitate, jlpt-n1
早口, はやくち, fast-talking - rapid talking, jlpt-n2
早い, はやい, fast - quick - rapid - swift - speedy - brisk - prompt, jlpt-n5
明かり, あかり, light - illumination - glow - gleam, jlpt-n3
開ける, あける, to open (a door  etc.) - to unwrap (e.g. parcel  package) - to unlock, jlpt-n3
明るい, あかるい, light - well-lit - well-lighted, jlpt-n1
明日, あした, tomorrow, jlpt-n4
映画界, えいがかい, film world - world of cinema, jlpt-n0
映える, はえる, to shine - to glow, jlpt-n1
映す, うつす, to project - to reflect - to cast (shadow), jlpt-n2
映る, うつる, to be reflected - to harmonize with (harmonise) - to come out (photo) - to be projected - to be displayed (on a screen), jlpt-n2
映写, えいしゃ, projection, jlpt-n1
映画館, えいがかん, movie theatre - movie theater - cinema, jlpt-n5
映画, えいが, movie - film - motion picture, jlpt-n5
春分, しゅんぶん, vernal equinox - spring equinox, jlpt-n0
春夏秋冬, しゅんかしゅうとう, spring  summer  autumn (fall) and winter - the four seasons, jlpt-n0
春秋, しゅんじゅう, spring and autumn - spring and fall, jlpt-n0
春先, はるさき, beginning of spring, jlpt-n0
春休み, はるやすみ, spring break - spring vacation, jlpt-n0
昼休み, ひるやすみ, lunch break - noon recess - noon rest period, jlpt-n4
昼前, ひるまえ, morning - forenoon, jlpt-n0
昼夜, ちゅうや, day and night, jlpt-n0
昼飯, ひるめし, lunch - midday meal, jlpt-n1
昼間, ひるま, daytime - during the day - time from sunrise until sunset - diurnal period, jlpt-n4
昼ご飯, ひるごはん, lunch - midday meal, jlpt-n5
昼食, ちゅうしょく, lunch - midday meal, jlpt-n3
暑中, しょちゅう, height of summer - high summer - hottest part of the summer, jlpt-n0
暑さ, あつさ, heat (of the weather) - hotness, jlpt-n0
暑い, あつい, hot - warm - sultry - heated, jlpt-n5
暗い, くらい, dark - gloomy - murky, jlpt-n5
曜日, ようび, day of the week, jlpt-n3
有料, ゆうりょう, fee-charging - paid - not free, jlpt-n2
有名, ゆうめい, famous, jlpt-n5
有る, ある, to be - to exist - to live, jlpt-n3
服する, ふくする, to obey - to submit to - to yield to - to accept - to abide by, jlpt-n0
服地, ふくじ, cloth - dress material - clothing fabric, jlpt-n0
服用, ふくよう, taking medicine - dosing, jlpt-n0
飲む, のむ, to drink - to gulp - to swallow - to take (medicine), jlpt-n5
朝日, あさひ, morning sun, jlpt-n0
朝食, ちょうしょく, breakfast, jlpt-n0
朝ご飯, あさごはん, breakfast, jlpt-n5
村立, そんりつ, established by a village - village (school  library  etc.), jlpt-n0
村会, そんかい, village assembly, jlpt-n0
村長, そんちょう, village headman - village mayor, jlpt-n0
村民, そんみん, villager, jlpt-n0
村人, むらびと, villager, jlpt-n0
林学, りんがく, forestry, jlpt-n0
林業, りんぎょう, forestry, jlpt-n1
林道, りんどう, path through forest - woodland path, jlpt-n0
森林, しんりん, forest - woods, jlpt-n2
業界, ぎょうかい, business world - business circles - (the) industry, jlpt-n0
業者, ぎょうしゃ, trader - dealer - businessperson - company - vendor - supplier - manufacturer - maker - contractor, jlpt-n1
楽屋, がくや, dressing room - green room - backstage, jlpt-n0
楽しみ, たのしみ, enjoyment - pleasure - amusement - delight - joy - fun - diversion - hobby, jlpt-n4
楽しむ, たのしむ, to enjoy - to take pleasure in - to have a good time - to have fun, jlpt-n4
楽しい, たのしい, enjoyable - fun - pleasant - happy - delightful, jlpt-n5
歌い手, うたいて, singer, jlpt-n0
歌声, うたごえ, singing voice - (sound of) singing, jlpt-n0
歌手, かしゅ, singer, jlpt-n3
歌う, うたう, to sing, jlpt-n5
止まる, とどまる, to remain - to abide - to stay (in the one place), jlpt-n2
止める, とめる, to stop - to turn off, jlpt-n4
止まる, とまる, to stop (moving) - to come to a stop, jlpt-n2
正しい, ただしい, right - correct, jlpt-n4
正午, しょうご, noon - midday, jlpt-n3
歩行, ほこう, walking - walk, jlpt-n0
歩く, あるく, to walk, jlpt-n5
歩道, ほどう, footpath - walkway - sidewalk - pavement, jlpt-n3
死後, しご, after death, jlpt-n0
死力, しりょく, desperate effort, jlpt-n0
死産, しざん, stillbirth, jlpt-n0
死体, したい, dead body - corpse - cadaver - carcass, jlpt-n2
死ぬ, しぬ, to die - to pass away, jlpt-n5
民間, みんかん, private - non-governmental - non-official - civilian - civil, jlpt-n2
民族, みんぞく, people - race - nation - ethnic group - ethnos, jlpt-n1
池田銀行, いけだぎんこう, Ikeda Bank, jlpt-n0
注目, ちゅうもく, notice - attention - observation, jlpt-n3
注文, ちゅうもん, order (for an item), jlpt-n3
注意, ちゅうい, attention - notice - heed, jlpt-n4
洋館, ようかん, Western-style house (esp. one built in the Meiji or Taisho periods), jlpt-n0
洋行, ようこう, overseas travel (to Western countries) - going abroad (to study or travel), jlpt-n0
洋書, ようしょ, Western book, jlpt-n0
洋食, ようしょく, Western food - Western dish - Western cooking, jlpt-n0
洋服, ようふく, Western-style clothes (cf. traditional Japanese clothes), jlpt-n5
洗う, あらう, to wash - to cleanse - to rinse, jlpt-n5
海洋, かいよう, ocean - sea, jlpt-n2
海運, かいうん, maritime transport - shipping, jlpt-n1
海外, かいがい, foreign - abroad - overseas, jlpt-n3
漢方, かんぽう, traditional Chinese medicine, jlpt-n0
漢語, かんご, Japanese word of Chinese origin - Sino-Japanese word, jlpt-n1
漢文, かんぶん, Chinese classical writing - Chinese classics, jlpt-n0
漢方薬, かんぽうやく, Chinese herbal medicine, jlpt-n0
漢字, かんじ, kanji - Chinese character, jlpt-n5
牛後, ぎゅうご, rump of a cow, jlpt-n0
牛車, ぎゅうしゃ, ox carriage (for Heian-era nobles) - oxcart, jlpt-n0
牛肉, ぎゅうにく, beef, jlpt-n5
物語る, ものがたる, to tell (a story) - to give an account of (an event  experience  etc.) - to relate - to recount, jlpt-n2
物音, ものおと, noise - sound, jlpt-n3
物理, ぶつり, laws of nature - physical laws, jlpt-n3
物事, ものごと, things - everything, jlpt-n3
物体, ぶったい, object - body - solid, jlpt-n1
物質, ぶっしつ, material - substance, jlpt-n3
物語, ものがたり, story - tale - narrative - account - fable - legend, jlpt-n3
特大, とくだい, extra-large - king-size, jlpt-n0
特質, とくしつ, characteristic - feature - special quality, jlpt-n0
特長, とくちょう, strong point - forte - merit - strength, jlpt-n2
特集, とくしゅう, feature (e.g. newspaper) - special edition - report, jlpt-n1
特有, とくゆう, characteristic (of) - peculiar (to), jlpt-n1
特売, とくばい, special sale - bargain sale, jlpt-n2
特色, とくしょく, characteristic - feature - idiosyncrasy - personal colour, jlpt-n2
特急, とっきゅう, limited express (train for which a limited-express ticket is required), jlpt-n4
特に, とくに, particularly - especially - in particular - expressly, jlpt-n4
特別, とくべつ, special - particular - extraordinary - exceptional - especial, jlpt-n4
犬かき, いぬかき, dog paddle (swimming style) - doggy paddle, jlpt-n0
犬も食わない, いぬもくわない, avoided by everybody - disliked by everybody - not even a dog will eat (it), jlpt-n0
犬小屋, いぬごや, kennel - doghouse, jlpt-n0
生み出す, うみだす, to create - to bring forth - to produce, jlpt-n0
産休, さんきゅう, maternity leave - paternity leave, jlpt-n1
産出, さんしゅつ, production - output - turning out, jlpt-n1
生む, うむ, to give birth - to bear (child) - to lay (eggs), jlpt-n1
産物, さんぶつ, product - produce, jlpt-n1
生まれる, うまれる, to be born, jlpt-n5
産業, さんぎょう, industry, jlpt-n4
用品, ようひん, articles - supplies (e.g. office supplies) - things (for) - utensils - goods - equipment, jlpt-n1
用紙, ようし, blank form, jlpt-n1
用語, ようご, term - terminology, jlpt-n2
用心, ようじん, care - precaution - guarding - caution, jlpt-n3
用いる, もちいる, to use - to make use of - to utilize - to utilise, jlpt-n3
用事, ようじ, tasks - things to do - errand - business (to take care of) - affairs - engagement, jlpt-n4
用意, ようい, preparation - arrangements - provision - getting ready - laying out (e.g. a meal), jlpt-n4
田んぼ, たんぼ, paddy field - farm, jlpt-n2
町村, ちょうそん, towns and villages, jlpt-n0
町人, ちょうにん, chōnin (Edo-period social class of town-dwelling commoners  esp. landowning merchants) - townspeople - townsfolk - tradespeople, jlpt-n0
町外れ, まちはずれ, outskirts (of a town) - edge (of a town) - just outside the city limits, jlpt-n0
町民, ちょうみん, townspeople, jlpt-n0
町中, まちなか, downtown, jlpt-n0
画風, がふう, style of painting, jlpt-n0
画する, かくする, to draw (a line), jlpt-n0
画家, がか, painter - artist, jlpt-n3
病弱, びょうじゃく, weak (constitution) - sickly - feeble - in poor health, jlpt-n0
病人, びょうにん, sick person - patient - invalid, jlpt-n0
病む, やむ, to fall ill, jlpt-n1
病院, びょういん, hospital - clinic - doctor's office - doctor's surgery - infirmary, jlpt-n5
病気, びょうき, illness (usu. excluding minor ailments  e.g. common cold) - disease - sickness, jlpt-n5
発作, ほっさ, fit - spasm - attack - seizure, jlpt-n1
発電, はつでん, generation of electricity - power generation, jlpt-n2
立つ, たつ, to stand (up) - to rise - to get to one's feet - to stand on end (e.g. of hairs) - to stick up, jlpt-n2
発明, はつめい, invention, jlpt-n3
発見, はっけん, discovery - detection - finding, jlpt-n3
発音, はつおん, pronunciation, jlpt-n4
県外, けんがい, outside the prefecture, jlpt-n0
県民, けんみん, resident of a prefecture - citizen of a prefecture, jlpt-n0
県下, けんか, in the prefecture - prefectural, jlpt-n0
県花, けんか, prefectural flower - floral emblem for a prefecture, jlpt-n0
県道, けんどう, prefectural road, jlpt-n0
県知事, けんちじ, prefectural governor, jlpt-n0
真っ赤, まっか, bright red - deep red - flushed (of face), jlpt-n3
真理, しんり, truth, jlpt-n1
真ん中, まんなか, middle - centre - center - midpoint - heart, jlpt-n4
真空, しんくう, vacuum - hollow - empty, jlpt-n2
着せる, きせる, to put clothes on (someone) - to dress - to clothe, jlpt-n2
着物, きもの, kimono - Japanese traditional clothing (esp. full-length), jlpt-n4
着く, つく, to arrive at - to reach, jlpt-n5
着る, きる, to wear (from the shoulders down) - to put on, jlpt-n5
知人, ちじん, friend - acquaintance, jlpt-n2
知り合い, しりあい, acquaintance, jlpt-n2
知らせ, しらせ, news - word - tidings - notice - notification - information, jlpt-n3
知らせる, しらせる, to notify - to advise - to inform, jlpt-n4
知る, しる, to know - to be aware (of) - to be conscious (of) - to learn (of) - to find out - to discover, jlpt-n5
知事, ちじ, prefectural governor, jlpt-n3
短め, みじかめ, shortish - rather short - somewhat short, jlpt-n0
短時間, たんじかん, short time, jlpt-n0
短気, たんき, short temper - quick temper - hot temper - impatience - irritability, jlpt-n1
短所, たんしょ, defect - demerit - weak point - disadvantage, jlpt-n2
短い, みじかい, short, jlpt-n5
研究員, けんきゅういん, researcher - lab worker, jlpt-n0
研究生, けんきゅうせい, research student, jlpt-n0
研究分野, けんきゅうぶんや, research area - field of research, jlpt-n0
研究開発, けんきゅうかいはつ, research and development - R&D, jlpt-n0
研究所, けんきゅうじょ, research establishment - research institute - laboratory, jlpt-n0
研究者, けんきゅうしゃ, researcher, jlpt-n0
研ぐ, とぐ, to sharpen - to hone - to whet - to grind, jlpt-n1
研究室, けんきゅうしつ, laboratory, jlpt-n4
研究, けんきゅう, study - research - investigation, jlpt-n4
秋口, あきぐち, beginning of autumn - beginning of fall, jlpt-n0
秋分の日, しゅうぶんのひ, Autumnal Equinox Day (national holiday; September 22  23 or 24), jlpt-n0
秋水, しゅうすい, clear autumn water - clear fall water, jlpt-n0
秋分, しゅうぶん, autumnal equinox - autumn equinox - fall equinox, jlpt-n0
秋めく, あきめく, to become autumnal, jlpt-n0
秋風, あきかぜ, autumn breeze - fall breeze, jlpt-n0
究める, きわめる, to investigate thoroughly - to research thoroughly - to master - to understand completely, jlpt-n0
究明, きゅうめい, investigation (esp. in academic and scientific contexts), jlpt-n0
答える, こたえる, to answer - to reply, jlpt-n5
答え, こたえ, answer - reply - response, jlpt-n4
紙一重, かみひとえ, paper-thin (difference), jlpt-n0
紙切れ, かみきれ, piece of paper - slip of paper - strip of paper - scrap of paper, jlpt-n0
紙くず, かみくず, wastepaper - scrap of paper - paper scraps, jlpt-n2
終日, しゅうじつ, all day - for a whole day, jlpt-n1
終始, しゅうし, beginning and end, jlpt-n1
終える, おえる, to finish, jlpt-n3
終わる, おわる, to end - to come to an end - to finish - to close - to be over, jlpt-n1
終わり, おわり, end - ending - close - conclusion, jlpt-n4
習合, しゅうごう, syncretism, jlpt-n0
習作, しゅうさく, (a) study (e.g. in music  art  sculpture  etc.) - etude - practice piece, jlpt-n0
習習, しゅうしゅう, gentle breeze, jlpt-n0
習い事, ならいごと, accomplishment - lessons (in an art  skill  etc.) - practice, jlpt-n0
習わし, ならわし, custom - habit - customary practice, jlpt-n0
習わす, ならわす, to make (someone) learn, jlpt-n0
習字, しゅうじ, penmanship - calligraphy, jlpt-n2
習い, ならい, as is habit - the way life normally is, jlpt-n0
習う, ならう, to take lessons in - to be taught - to learn (from a teacher) - to study (under a teacher) - to get training in, jlpt-n5
考え出す, かんがえだす, to think out - to devise - to invent - to begin to think - to come up with a plan, jlpt-n0
考えてみれば, かんがえてみれば, if you think about it - come to think of it, jlpt-n0
考古学, こうこがく, archaeology - archeology, jlpt-n1
考え方, かんがえかた, way of thinking, jlpt-n0
考え, かんがえ, thinking - thought - view - opinion - concept, jlpt-n3
考える, かんがえる, to think (about  of) - to think over - to ponder - to contemplate - to reflect (on) - to meditate (on), jlpt-n4
者ども, ものども, you, jlpt-n0
肉屋, にくや, butcher's shop - butcher - meat shop, jlpt-n0
肉食, にくしょく, meat eating - eating of meat - meat diet, jlpt-n0
肉親, にくしん, blood relationship - blood relative, jlpt-n1
肉体, にくたい, the body - the flesh - the outer man - one's physique, jlpt-n1
自分, じぶん, myself - yourself - oneself - himself - herself, jlpt-n5
自動車, じどうしゃ, car - automobile - motorcar - motor vehicle - auto, jlpt-n5
自転車, じてんしゃ, bicycle - bike, jlpt-n5
色っぽい, いろっぽい, amorous - sexy - voluptuous - erotic, jlpt-n0
色んな, いろんな, various - a variety of - all sorts of - many (different), jlpt-n0
色合い, いろあい, colouring - coloring - shade (of colour) - hue - tone - tinge - tint, jlpt-n0
色気, いろけ, colouring - coloring - shade of colour (color), jlpt-n0
英知, えいち, wisdom - intelligence - sagacity, jlpt-n0
英国, えいこく, United Kingdom - Britain - Great Britain, jlpt-n0
英文学, えいぶんがく, English(-language) literature, jlpt-n0
英文, えいぶん, English writing - English sentence - English text, jlpt-n2
英語, えいご, English (language), jlpt-n5
茶の間, ちゃのま, (Japanese-style) living room, jlpt-n1
茶色い, ちゃいろい, light brown - tawny, jlpt-n2
茶道, さどう, tea ceremony - Way of Tea - sadō, jlpt-n0
茶色, ちゃいろ, brown - light brown - tawny, jlpt-n5
菜食, さいしょく, vegetable diet, jlpt-n0
菜の花, なのはな, rape blossoms - rapeseed flowers, jlpt-n0
薬屋, くすりや, pharmacy - drugstore - chemist's (shop) - apothecary, jlpt-n0
薬学, やくがく, (study of) pharmacy - pharmaceutics, jlpt-n0
薬物, やくぶつ, medicines - drugs, jlpt-n0
薬品, やくひん, medicine - chemicals, jlpt-n2
親族, しんぞく, relative - relation - kin, jlpt-n0
親しむ, したしむ, to be intimate with - to befriend, jlpt-n1
親友, しんゆう, close friend - bosom friend - buddy - crony - chum, jlpt-n3
親しい, したしい, close (e.g. friend) - familiar - friendly - intimate, jlpt-n3
親切, しんせつ, kind - gentle - considerate - generous - friendly - nice, jlpt-n4
計り知れない, はかりしれない, unfathomable - inestimable - immeasurable, jlpt-n0
計上, けいじょう, including (a cost) in a total calculation - appropriating (a sum of money), jlpt-n0
計る, はかる, to measure - to weigh - to survey - to time (sound  gauge  estimate), jlpt-n3
計画, けいかく, plan - project - schedule - scheme - program - programme, jlpt-n3
試みる, こころみる, to try - to attempt - to have a go (at), jlpt-n1
試み, こころみ, attempt - trial - experiment, jlpt-n1
試し, ためし, trial - test, jlpt-n3
試す, ためす, to try (out) - to have a try (at) - to test - to put to the test, jlpt-n3
試合, しあい, match - game - bout - contest, jlpt-n4
試験, しけん, examination - exam - test, jlpt-n4
説きつける, ときつける, to persuade, jlpt-n0
説明書, せつめいしょ, (printed) instructions - manual - explanatory leaflet (pamphlet  note) - description, jlpt-n0
説教, せっきょう, sermon - preaching - homily, jlpt-n0
説く, とく, to explain - to advocate - to preach - to persuade, jlpt-n1
説明, せつめい, explanation - exposition - description - account - caption - legend, jlpt-n4
貸し切り, かしきり, reserving (for exclusive use) - (full) booking - chartering - block reservation, jlpt-n0
貸し出す, かしだす, to lend - to loan - to let out on hire, jlpt-n0
貸借, たいしゃく, loan - debit and credit - lending and borrowing, jlpt-n0
貸間, かしま, room to let - room for rent, jlpt-n2
貸出, かしだし, lending - loaning, jlpt-n2
貸家, かしや, house for rent, jlpt-n2
貸す, かす, to lend - to loan, jlpt-n5
貸し, かし, loan - lending - hire - rental - lease, jlpt-n0
タチ悪い, たちわるい, in bad taste - problematic - of poor character, jlpt-n0
たちの悪い, たちのわるい, of bad character - ill-natured - nasty - vicious - wicked - malignant, jlpt-n0
質屋, しちや, pawnshop, jlpt-n0
質問, しつもん, question - inquiry - enquiry, jlpt-n5
赤道, せきどう, equator, jlpt-n2
赤字, あかじ, (being in) the red - deficit, jlpt-n1
赤い, あかい, red - crimson - scarlet - vermilion, jlpt-n5
赤ちゃん, あかちゃん, baby - infant, jlpt-n4
走り去る, はしりさる, to run away - to run off, jlpt-n0
走り, はしり, running, jlpt-n0
走り出す, はしりだす, to begin to run - to start running - to break into a run, jlpt-n0
走者, そうしゃ, runner, jlpt-n0
走行, そうこう, running (of a car  bus  etc.) - traveling - travelling, jlpt-n1
走る, はしる, to run, jlpt-n5
起用, きよう, appointment (to a position  job  etc.) - being used for a role - promotion, jlpt-n0
立ち上がる, たちあがる, to stand up - to get up, jlpt-n3
起こる, おこる, to occur - to happen, jlpt-n3
起こす, おこす, to raise - to raise up - to set up - to pick up, jlpt-n4
起きる, おきる, to get up - to rise - to blaze up (fire), jlpt-n5
起こり, おこり, source - origin - cause - beginning - genesis, jlpt-n0
転じる, てんじる, to turn - to shift - to alter - to distract, jlpt-n1
転がす, ころがす, to roll - to wheel - to trundle - to drive (a car), jlpt-n2
転がる, ころがる, to roll - to tumble, jlpt-n2
転ぶ, ころぶ, to fall down - to fall over, jlpt-n3
軽食, けいしょく, light meal - snack - refreshments, jlpt-n0
軽い, かるい, light (i.e. not heavy) - feeling light (i.e. offering little resistance  moving easily), jlpt-n5
近づき, ちかづき, acquaintance - making someone's acquaintance, jlpt-n0
近道, ちかみち, shorter way - shortcut, jlpt-n0
近年, きんねん, recent years, jlpt-n0
近東, きんとう, Near East, jlpt-n0
近づく, ちかづく, to approach - to draw near - to get close, jlpt-n1
近づける, ちかづける, to bring near - to bring close - to let go near, jlpt-n2
近代, きんだい, present day - modern times - recent times, jlpt-n3
近所, きんじょ, neighbourhood - neighborhood, jlpt-n4
近く, ちかく, near - neighbourhood - neighborhood - vicinity, jlpt-n5
近い, ちかい, near - close - short (distance), jlpt-n5
送り出し, おくりだし, pushing (propelling) (one's opponent) out of the ring from behind, jlpt-n0
送り先, おくりさき, recipient - addressee, jlpt-n0
送電, そうでん, transmission of electricity - electricity supply - power supply, jlpt-n0
送り合う, おくりあう, to send each other, jlpt-n0
送話, そうわ, (telephonic) transmission, jlpt-n0
送り出す, おくりだす, to send out - to forward - to show (a person) out, jlpt-n0
送別会, そうべつかい, farewell party, jlpt-n0
送別, そうべつ, farewell - send-off, jlpt-n2
送料, そうりょう, postage - carriage - shipping charge, jlpt-n2
送金, そうきん, remittance - sending money, jlpt-n1
送る, おくる, to send (a thing) - to dispatch - to despatch - to transmit, jlpt-n4
通す, とおす, to stick through - to force through, jlpt-n3
通り, とおり, street - road - avenue - thoroughfare, jlpt-n3
通う, かよう, to go to and from (a place) - to go back and forth between - to run between (e.g. bus  train  etc.) - to ply between, jlpt-n4
通る, とおる, to go by - to go past - to go along - to travel along - to pass through - to use (a road) - to take (a route) - to go via - to go by way of, jlpt-n4
通学, つうがく, commuting to school - school commute, jlpt-n3
進み出る, すすみでる, to step forward - to volunteer, jlpt-n0
進水, しんすい, (ship's) launching, jlpt-n0
進入, しんにゅう, entry - approach - penetration, jlpt-n0
進み, すすみ, progress, jlpt-n1
進出, しんしゅつ, advance (into a new market  industry  etc.) - expansion (into) - launch (into) - entering - making inroads (into), jlpt-n1
進行, しんこう, moving forward (e.g. of a vehicle) - onward movement, jlpt-n1
進める, すすめる, to advance - to move forward - to put (a clock  watch) forward, jlpt-n3
進学, しんがく, advancing to the next stage of education - going on to (high school  college  etc.), jlpt-n3
進む, すすむ, to advance - to go forward, jlpt-n4
進歩, しんぽ, progress - advance - improvement - development, jlpt-n3
運転手, うんてんしゅ, driver - chauffeur, jlpt-n4
運転, うんてん, operation (of a machine) - running - working, jlpt-n3
運ぶ, はこぶ, to carry - to transport - to move - to convey, jlpt-n4
運動, うんどう, exercise - physical training - workout - sports - athletics, jlpt-n3
遠心力, えんしんりょく, centrifugal force, jlpt-n0
遠回り, とおまわり, detour - roundabout way, jlpt-n1
遠ざかる, とおざかる, to go away - to become more distant - to fade away - to die away, jlpt-n1
遠方, えんぽう, long way - distant place, jlpt-n1
遠足, えんそく, school trip - field trip - excursion - outing, jlpt-n2
遠く, とおく, far away - distant place - a (great) distance - a long way off - afar, jlpt-n4
遠い, とおい, far - distant - far away - a long way off - in the distance, jlpt-n5
都民, とみん, resident of Tokyo - citizen of Tokyo - Tokyoite, jlpt-n0
都市計画, としけいかく, city planning - urban planning - town planning, jlpt-n0
都心, としん, city centre (center) (esp. capital city) - urban centre - heart of city a metropolis, jlpt-n2
都会, とかい, city, jlpt-n3
都合, つごう, circumstances - condition - convenience, jlpt-n4
都市, とし, town - city - municipal - urban, jlpt-n3
重ねる, かさねる, to pile up - to heap up - to stack up - to put on top of another, jlpt-n2
重大, じゅうだい, serious - important - significant - grave - weighty, jlpt-n3
重力, じゅうりょく, gravity - gravitation - gravitational pull, jlpt-n2
重い, おもい, heavy - weighty, jlpt-n5
野外, やがい, outdoors - outside - open air, jlpt-n1
野生, やせい, wild - growing wild - living in the wild, jlpt-n1
野心, やしん, ambition - aspiration, jlpt-n1
野菜, やさい, vegetable, jlpt-n5
銀世界, ぎんせかい, snowscape, jlpt-n0
金持ち, かねもち, rich person, jlpt-n0
銀色, ぎんいろ, silver (color  colour), jlpt-n0
銀行, ぎんこう, bank - banking institution, jlpt-n5
門前, もんぜん, before the gate - in front of the gate, jlpt-n0
開校, かいこう, opening a school, jlpt-n0
開館, かいかん, opening (for that day's business; of a library  museum  cinema  etc.), jlpt-n0
開業, かいぎょう, opening a business - opening a practice, jlpt-n0
開店, かいてん, opening a new shop, jlpt-n0
開業医, かいぎょうい, private clinician - physician in private practice, jlpt-n0
開花, かいか, flowering - blooming - blossoming - coming into bloom, jlpt-n0
開く, あく, to open (e.g. doors), jlpt-n4
開発, かいはつ, development - exploitation (of resources), jlpt-n1
開通, かいつう, opening (of a new road  railway  etc.) - going into operation (e.g. telephone communication) - beginning services, jlpt-n2
開会, かいかい, opening of a meeting, jlpt-n2
開始, かいし, start - commencement - beginning - initiation, jlpt-n3
開く, ひらく, to open - to undo - to unseal - to unpack, jlpt-n4
開ける, あける, to open (a door  etc.) - to unwrap (e.g. parcel  package) - to unlock, jlpt-n3
院主, いんじゅ, head of a temple, jlpt-n0
院長, いんちょう, director (of a hospital  institution  academy  etc.) - superintendent - rector, jlpt-n0
院生, いんせい, graduate student, jlpt-n0
集中力, しゅうちゅうりょく, (powers of) concentration - ability to concentrate, jlpt-n0
集計, しゅうけい, totalization - totalisation - aggregation - tally (e.g. of votes) - adding up - summing up, jlpt-n1
集会, しゅうかい, meeting - assembly - gathering - congregation - convention - rally, jlpt-n2
集まり, あつまり, gathering - meeting - assembly - collection - attendance, jlpt-n3
集中, しゅうちゅう, concentration (on a task) - focusing one's attention, jlpt-n3
集まる, あつまる, to gather - to collect - to assemble, jlpt-n4
集める, あつめる, to collect - to assemble - to gather, jlpt-n4
集合, しゅうごう, meeting up - gathering - assembly, jlpt-n2
青空, あおぞら, blue sky, jlpt-n0
青写真, あおじゃしん, blueprint - cyanotype, jlpt-n0
青春, せいしゅん, youth - springtime of life - adolescent, jlpt-n1
青白い, あおじろい, pale - pallid, jlpt-n2
青少年, せいしょうねん, youth - young person, jlpt-n2
青い, あおい, blue - azure, jlpt-n5
青年, せいねん, youth - young man, jlpt-n3
音楽家, おんがくか, musician, jlpt-n0
音声, おんせい, voice - speech - sound of a voice, jlpt-n0
音質, おんしつ, tone quality - sound quality, jlpt-n0
音色, ねいろ, tone color - tone colour - tone quality - timbre, jlpt-n1
音楽, おんがく, music, jlpt-n5
ド頭, どたま, head - dome - bean - nob - noggin, jlpt-n0
題意, だいい, meaning of a title (of a book  poem  etc.), jlpt-n0
題画, だいが, poem or writings added to a picture or painting, jlpt-n0
題字, だいじ, title lettering, jlpt-n0
題する, だいする, to be titled (e.g. a book) - to be named, jlpt-n0
題目, だいもく, title - heading, jlpt-n0
題名, だいめい, title - caption - heading, jlpt-n2
顔文字, かおもじ, emoticon - smiley - kaomoji, jlpt-n0
顔立ち, かおだち, looks - features, jlpt-n0
顔合わせ, かおあわせ, meeting together - introduction, jlpt-n0
顔見知り, かおみしり, acquaintance, jlpt-n0
顔色, かおいろ, complexion - one's colour - one's color, jlpt-n0
顔つき, かおつき, (outward) looks - features - face - countenance - expression, jlpt-n1
風車, ふうしゃ, windmill - wind turbine, jlpt-n1
飯事をする, ままごとをする, to play house, jlpt-n0
飯店, はんてん, Chinese restaurant, jlpt-n0
館外, かんがい, outside a library  museum  etc. - off the premises, jlpt-n0
館主, かんしゅ, manager, jlpt-n0
館員, かんいん, personnel (of public building), jlpt-n0
館長, かんちょう, superintendent - director - curator - chief librarian, jlpt-n0
験する, けんする, to try (out) - to test - to put to the test - to put to a trial, jlpt-n0
試す, ためす, to try (out) - to have a try (at) - to test - to put to the test, jlpt-n3
試し, ためし, trial - test, jlpt-n3
鳥人, ちょうじん, aviator - flying ace - birdman, jlpt-n0
鳥かご, とりかご, birdcage, jlpt-n0
黒色, くろいろ, black (colour  color), jlpt-n0
黒っぽい, くろっぽい, dark - blackish, jlpt-n0
黒人, こくじん, black person, jlpt-n0
黒字, くろじ, (being in) the black - surplus, jlpt-n1
黒い, くろい, black, jlpt-n5